{
  "user": {
    "name": "数据已废弃",
    "area": "华东区",
    "identity":"管理员"
  },
  "data_center": {

  },
  "tableData": [{
    "date": "2016-05-03",
    "name": "王小虎",
    "address": "这些数据都是读取的json"
  },{
    "date": "2016-05-03",
    "name": "王小虎",
    "address": "上海市普陀区金沙江路 1518 弄"
  },{
    "date": "2016-05-03",
    "name": "王小虎",
    "address": "上海市普陀区金沙江路 1518 弄"
  },{
    "date": "2016-05-03",
    "name": "王小虎",
    "address": "上海市普陀区金沙江路 1518 弄"
  },{
    "date": "2016-05-03",
    "name": "王小虎",
    "address": "上海市普陀区金沙江路 1518 弄"
  },{
    "date": "2016-05-03",
    "name": "王小虎",
    "address": "上海市普陀区金沙江路 1518 弄"
  }],
  "tableData2": [{
    "date": "2016-05-03",
    "name": "王小虎",
    "address": "未做搜索处理,只是再次提供读取的json"
  },{
    "date": "2016-05-03",
    "name": "王小虎",
    "address": "上海市普陀区金沙江路 1518 弄"
  },{
    "date": "2016-05-03",
    "name": "王小虎",
    "address": "上海市普陀区金沙江路 1518 弄"
  },{
    "date": "2016-05-03",
    "name": "王小虎",
    "address": "上海市普陀区金沙江路 1518 弄"
  },{
    "date": "2016-05-03",
    "name": "王小虎",
    "address": "上海市普陀区金沙江路 1518 弄"
  },{
    "date": "2016-05-03",
    "name": "王小虎",
    "address": "上海市普陀区金沙江路 1518 弄"
  }
  ]
}
